uid,name,username,password,PID,qrPath
1,"Scott Webb",user722802,4e6afeb52349acb0b8b4d21dec715bd02fb31746eb8f7dda890a6ffc2bc19d3c,1,NULL
2,"Rachel Frederick",user240848,d0c9895ecb7a49ab2e0a323e0b9bd87b47ca4b8a735a79deba6c4b2459524f94,2,NULL
3,"Eric Kline",user070889,894b2906b62dc81815f552bfb09fc247d30eccdc798249d97403f644efa38e7f,3,NULL
4,"James Rodriguez",user179258,8a7f83d8ebc61d1f423187fa2101b5e2ed344b92dd6fc0ff8398c8e6cf80b617,4,NULL
5,"David Scott",user767909,7ed322cfd0122784b81919e0364a2f72e59fdac2ca97e4b8da0c46f8b5e1ac13,5,NULL
6,"Dawn Roach",user976958,9efa7b398b421c43f2b5a842459f30805eff4746232f4829eee49a82111d57a5,6,NULL
7,"Mary Harris",user651028,9814368f8dd28b6e2f9bbe5dd34388db0d68876f11abf5d7b133317dcb76a1f7,7,NULL
8,"Sandy Brown",user576910,a34e51f4027ab773d903030ccb66d12b5029d3068eb3fdf55fc1c383ab9a4b10,8,NULL
9,"Kenneth Johnson",user102037,137411bd656bd92d0c7494d5a054caa1b07175742caa155bd9376d393f9aebd7,9,NULL
10,"Nicole Henderson",user746519,a9a1f81c4b995d45bac8e894b27d7eca0df6b843fbf7cce95fab31c515deeb5f,10,NULL
11,"Brooke Nolan",user265529,653dd2ca84f6b99424b4e85a56dee6ddab95964d72a245951dbe8630e6cd17f5,11,NULL
12,"Kristen Weaver",user326380,519f19c2e55d23e48b037f5e204ee0fb08314719e8a7aba6dce8c6fb5e909035,12,NULL
13,"Brian Brown",user811468,08f6989dd8b304fa3ec889ac083e0baf6beebce2cd1bd22c173786c5a09cdf85,13,NULL
14,"Reginald Perez",user480480,5529b80c752ae2e835b69c097810993eab43dd88453be5a686825fd3d9da5774,14,NULL
15,"Laura Lopez",user825918,b1ed15873a5ab08854674041db3b718e5fcfaf2c5a2e3ced52f22e45018783d2,15,NULL
16,"Ashley Rodriguez",user368127,837b52858576190a3b11d066b973a791457788538ee19300a4d28b4b15e547ae,16,NULL
17,"Heather French",user561152,c04520f0d5576401359db2a7893786d0e9fb6d57fc100b8fcacfbf8143d6f685,17,NULL
18,"Stephen Maddox",user348745,2ba5d815348c7330f7407ad0ae1fa8c682497e58f97f9cedfab9aa41e6b7477c,18,NULL
19,"Brian Blanchard",user575802,28649b7e4f8e534b77a5b17920652d91f28aa45a773c35439ddc23b37f2f62d4,19,NULL
20,"Glenda Williams",user801543,9dc91c8f69830c530826f35b0b0f8a77be223890b82a80691f6dd8355397c6c5,20,NULL
21,"Anna Gates",user047093,34f4d9505b83d0dba8e6ef2746997f1801083b5483eb8750844ab28d73107de0,21,NULL
22,"Wayne Austin",user680882,d224a0d8cde856a18dbfc04b5c0a0e8e8a98b7435239b97f8cb75858b80bd77c,22,NULL
23,"Mark Banks",user512933,aab998d111d57d3cf15e55745135d43484af7f41d472ca406612d46d8f085f11,23,NULL
24,"Deborah Jones",user617784,e53416d69e22b59d99ed8fe1643433cf4a8651e90438c061928c6018bd93e871,24,NULL
25,"John Collins",user121504,c177cc7812bbe353d985c1090dea4f11c719ccf3634941f285ac1a4dbc8dd355,25,NULL
26,"Renee Pierce",user748528,0610bc2216289474558318eaaac8f3617ac994a6f0f1092354c42f13045dd67a,26,NULL
27,"Rebecca Turner",user128495,6df06e50320372050f9049d007564e268f8c0d29c6fdc48816e42b3ec7275083,27,NULL
28,"Jerry Medina",user704662,bd204ed0c6ed5b7bd50fe27f514e93273878326d857d2e691fb6126f15afc5cd,28,NULL
29,"Hannah Duncan",user232124,a47d0af98f4faa180c78bbef57eb55cad7584b8f402775c43b49491feb2983b9,29,NULL
30,"Andrew Hardin",user068397,10bab04a9d29c21097fe90d0456675954f499835c3728978d8a5060c91fa7b6f,30,NULL
31,"Alexandra Weber",user210436,4736f8ae2fbaa4455bb33bda45695d15475533663b6117ff7d75fcd8f596d152,31,NULL
32,"Krista Finley",user382722,a0cbf9e534e4a63963932f951201d6c0847028056e5c018075284323ea9a1083,32,NULL
33,"Derek Perez",user377795,ae6ede9b5373f8e68a94fb1f15dcdd1019212922902c5c3cdedb44e7295a0855,33,NULL
34,"John Ross",user733614,3150e4506543cee170f491313ba055b4842bcfbdcd1d1f9c74fb1512428c9d39,34,NULL
35,"Rachel Davidson",user538507,3c9808875c43b4c0b3bebe690b7d8147293f8bbb91b375d0555c552bad507274,35,NULL
36,"Katie Wagner",user629116,9aca1c2f33975f3fd1aaa632373181c59dd1d41bc022ca92b982e0e32bdd190f,36,NULL
37,"Yvonne Gray",user106642,d9e4619e32919d01c8f829f74d189f0b69d718f2afd35c4b0be439085b515442,37,NULL
38,"Andrew Morgan",user364157,308b25fcc6ac6998e4a44b53c77bab08e62a2d3dd1076cf550184628c4125e96,38,NULL
39,"Nicholas Duncan",user959204,966bc13bb91ff8d2447ca8b35ad0623eb8561119e552ad29676c6cdc4d0d8ed9,39,NULL
40,"Jamie Lewis",user947471,f85e77546f819b3859c710575838015a0521eb8b76d9ced1b357977a22a23a10,40,NULL
41,"Brandy Barton",user369115,ca85cf7bd0ad2ce97651d11bf5e7008996c35cabea1e69bbddc0b8cd6a64f8f6,41,NULL
42,"Rachel Moreno DVM",user485952,7ceeea1cc531ef5be4b02111ef988e1334970a40f7c4eb52846ba2af8c7130da,42,NULL
43,"Stephanie Richardson",user911057,a1f46700e77bf8edd91d00ba231c28ea5b44798ff1c61b9532e197e94ebc1930,43,NULL
44,"Edward Howard",user936514,8372957607d75af2c249b09206b7cad46fb549772970d0d8b612bff4c659cbf7,44,NULL
45,"Stacy Hays",user594258,22632e618f6da08dc62ca0f9f97a8cdc08223b3d56bfe68dadc05b62e152010a,45,NULL
46,"Lacey Cowan",user862287,d35ed71c01e461c5285c0ddfd46db96b82d14455723f7f333d65edeebf555d00,46,NULL
47,"Denise Mueller",user035135,1f140fff194a4c6172bae073aa8681f0a271ec7d44b28b75e127f3e0e7928047,47,NULL
48,"Jill Johnson",user906990,371b33947ab0071ab905c90171bc0c019e87e9ec084fcb77482cb08e0170ff69,48,NULL
49,"Anthony Mason",user916605,e8005dfd96d6c25406c43299c9818244d404e283f0512fe273c4e0f811ed8b8c,49,NULL
50,"Leah Hughes",user252580,e9b21f071da181c3e06e1891c5bec1494957b54e0121908ddb8cd308c68b4126,50,NULL
51,"Rachel Phillips",user549590,6771d70515b068fdf6fb9ea10ef8da2152237ea37977984aa474c213780269d0,51,NULL
52,"James Miller",user168991,f5da97982c9a49139797ff44ae29b31b80bcbf107de52c94b03be1a275dfa9ea,52,NULL
53,"Sarah Sanchez",user264529,eae5de61f9473b5f7eaba9e8906fadb9941ac99306cab8802870436469c20139,53,NULL
54,"Anthony Reese",user505139,e8aab5849f1b944b0b332d8ecfab3f9183e6ff4939214beb18b58e13a1b69bae,54,NULL
55,"Dawn Diaz",user216879,4c90982eb7f53089db67b8a80c4f183d63c373bfb71d475bac305e5530dfb4bd,55,NULL
56,"Wendy Carter",user574452,8172d76823a98c85ab564f4ca334064c9db2c5394543e27e9ccb1dff09b2c4be,56,NULL
57,"Peter Roberts",user962679,52879b6c47360decdaccf17733f99e79354821556015c8b70500578ad67e4e14,57,NULL
58,"Megan Stein",user120837,9113c5c0c9b6d8f5ed9fec09f78f88cba256729b7c71847468b9c125c9c6b72f,58,NULL
59,"Marisa Hill",user631790,e6c8f7e1e61c9fa93eb9e5ddf6180f44d6433223eaea40c9191e0808c203f460,59,NULL
60,"William Brown",user916488,5fc9883031a91b4df59515768ffd0d123ef0318ff4afae7520e5635bdd27516c,60,NULL
61,"Kelly Jacobson",user727174,7aa8dace854d2ab811f40d7bc208ae56c39c4150a61a124c372c67b3deb83302,61,NULL
62,"David Smith",user567918,67b3e7d07f625c30c35fa1118bf67fa4e571ca939356f3227cde30a6a9566861,62,NULL
63,"Katie George",user245884,a7dfc48927ffa90d90faee6d041984049437471e7ce1e3da129e6adb9f06c0fb,63,NULL
64,"Kathleen Thompson",user560532,9c35309ed89c5780d71679670305f8b03a78868eeda11901587a25333a9dd6b7,64,NULL
65,"Samuel Nguyen",user437158,6feecdce396fd9f4b34a3bc896b7cbf74082fa06018d8d46e3f9ba22f6c33a58,65,NULL
66,"Brittany Young",user261221,2c5be685536de4b0201ac129ad6863fc860ef824063b537bf4fc1748360a3d43,66,NULL
67,"Chelsea Davis",user028777,3644af11256bd0cc281c38b7e7712be0b6f3fe727481969bdf0440ef47a49a83,67,NULL
68,"Jennifer Hanson MD",user195781,2e284b876bacfeabf764386001c33e0ab755917772ae44bb8dd139fb6d70f216,68,NULL
69,"Catherine Singleton",user460842,39a3d2425b2125643187f24f762acbd92eae1ad891989c4d6eabc810d76db924,69,NULL
70,"Robert Cox",user993979,b2f7b318a2a9a9f25cb74a2ff507b547fa3847c894ecfbab08fe5e41cf20888b,70,NULL
71,"Christopher Gonzalez",user738028,96f99e768ee62ad6320c6a180aea09457dcac184545225f6a2613d247d2495b1,71,NULL
72,"James Combs",user076718,7c22f24fbcb5069be256754a2abcb1bbdb84cc78dc3442a1a11b716eae179808,72,NULL
73,"Dennis Stone",user815403,c1f21864e2d8c364c71a5d43b438d5d7b2e52f651c4470fceaf001594f326efe,73,NULL
74,"Elizabeth Mccullough",user802204,ce7890799641580d536715c38000cafb9d0c01e08dab250244486c867cbace6f,74,NULL
75,"Mike Simpson",user903251,6890dce8021bd844236caa96d1828ebf5a952eda7c9e19fb54a0135750f8efa5,75,NULL
76,"David Wade",user941939,15be0bbac880734aeb1dc4f6cc62c6c8311529bf267cb26648e01ce2737f0df9,76,NULL
77,"Colleen Lin",user767587,26415e5a887fd86aa5eb00ad5135aa75d2325fb1187c0f8ed03e967699295eb7,77,NULL
78,"Mark Rodriguez",user106698,2f8df4c53949b3fd2ea7fa10929383595098ea59083998978b518b4d0b281f9c,78,NULL
79,"Evan Peters",user118992,d463ab59d898c4eb286f27e46ba650de3f76f5bae0cbc75663242041f36f2428,79,NULL
80,"Megan Bowman",user300574,cc46ef304bbba4330eac5d0d27f707a340ebe6870fa8e572f38476ee9976186b,80,NULL
81,"Sara Sharp",user639979,e04e39254f8702186526d7aa20bfbdda3f694821d13e402bb2cd4c8be548c8e7,81,NULL
82,"Darius Kaiser",user454437,266c184b95481f6ae1d642ed1778997b2b1cabdd72cfdad776b820670a01ffeb,82,NULL
83,"Mary Stephens",user874498,49f522009e2c3e23062696257e99f8da93a65179c5c4c2e7481c89fb7daf20b6,83,NULL
84,"Phillip Cervantes",user525539,b247b32dd1c46128e9f1f124433c68787a5ac98eff2ace1564adc766e88d748f,84,NULL
85,"Christopher Bowen",user114759,2156f18960850ebd9057d87adb30eb1957c65ea39d33b9de5065dbf48f69e2a7,85,NULL
86,"Daniel Rodriguez",user450585,1622658b35a6bf233ad3359be0f7d9830daa4cdf5663e7b75fb22b2c08539082,86,NULL
87,"Ian Gonzalez",user528280,b83a0ac6c5b749024b3b17dbcba2d97ce54ae7bb14cd2068a998f8c8c208b2f5,87,NULL
88,"Lisa Davis",user982055,767655c3c87274fd93b3ef7c871247249567c4713ba1abfe0329b26cab76e214,88,NULL
89,"Jasmine Benson",user904534,03975c8176c5a1938a6757c596d9df86cad9a413f6180fe7fb919058c7087bbe,89,NULL
90,"Shelby Griffith",user347662,c88855862718411a2cd3673d2dc4317c4d1335e36a9448aaf70e5e098fd39193,90,NULL
91,"Joseph Marshall",user464766,4ee7955fc874452a206023f5eef8e96202633597ed6da5aa88a70ba99176a131,91,NULL
92,"Jessica Haynes",user701611,aa257f30de9af44204aa6b316163c3831bf9aff25f5ee016253d48f63521d92a,92,NULL
93,"Brittany Allen",user147720,69ddfd10e8091104f88025a2495bdb7aec7bc0543c8cad67c39de0ee1ae2a276,93,NULL
94,"Brandon Cantu",user492179,cbbe754ca0fd9c0a35e921abf7892e4f03f1c19b82f1d22a916dc2315ded45b7,94,NULL
95,"Manuel Dickerson",user021930,8aff755fc4b0a6785f015b314312df0476fd53e9f3c777d1c5b7b673c9cd3489,95,NULL
96,"Deborah Miller",user987054,0fdd422d3da5120124927e4f317c0a6c10810103cdb4e1e8ba2b70e4246adb31,96,NULL
97,"Eric Jones",user556664,f152c68b67b351e09b7a6e6a39fb4dc9bbb3d06376c7e4689d969d55f3cf0595,97,NULL
98,"Darrell Dominguez",user693133,bae142d7050cff4d4df7360247db22bd08063529f38c440473a6edd965cb86db,98,NULL
99,"Dr. Jordan Roberts DDS",user159551,9744651f0e9ee989fffb1613f434f218daad0a09b01b4a8ac3be521ae3ade5fa,99,NULL
100,"Phillip Cross",user793274,2ac7bd06843ec47a4bfa5e663aac488df4f322e02b23ae5ec18d2166093bec4d,100,NULL
101,"Benjamin Yang",user636256,16e87b6c7f675c3f9fa43fb495f56f26c7c5c67c345af92de23c26de57fe14e8,101,NULL
102,"Darryl Barnes",user949404,1d5709e6403ed552c22155416c39010f63cfc51ec207cf9c3c370683a4dc1a07,102,NULL
103,"Katie Boyer",user312384,f1df109db011d709e3761ff176fedba4042618086af8033d3058721f643ff8bf,103,NULL
104,"Jennifer Morrison",user390664,fb55b45630d60b9aaba2763f1fee68d7fe8238b6c945a55c585bbd420399b365,104,NULL
105,"Andrew Walker",user611167,9bb70ed49250d8efb0f7f041a0878848460723718c1ad89f57c482d527db9582,105,NULL
106,"Bill Conner",user096208,ed299aed8c0abd0e6884b3579e9a2ae7355ed46fe5635e1b311e47055fb15f9a,106,NULL
107,"Kathleen Black",user327458,25aa7743775a547f80c0205f70ba3991f39991741ca20dbd590baf27508daf57,107,NULL
108,"Mark Wilson",user355828,3ae7c8a64d0f5142348b8256e54aa70587881b6d587be284c3ce7417b75f86c6,108,NULL
109,"Angela Ortega",user813613,563dc647fcf47506753a0a2f9c32bffdff12e31dca64fd6453b312f1dc48453b,109,NULL
110,"Mrs. Kimberly Fischer",user256205,e65313effb1665d9c652ed771b91a0691d12eb5ddb211ebe08e1dfaa29583aa5,110,NULL
111,"Terry Huff",user545379,e876194cc444e668ce35bbad8f26df233b2a2d34b634b001ca96d20cbe107031,111,NULL
112,"Christine Johnson",user056363,a54710e69b28fd1ea348248ed22c60fdd340949f9f27a7733999c93ad6bd5834,112,NULL
113,"Alan Solomon",user162498,44395f25c8990bef65eda6fb8aa79a2afc91ea91f32af156b02a6b35e4726cb7,113,NULL
114,"Victoria Archer",user580195,073032a6b9249bd47c634a68fd028d672d7f90802a239daaccbe76801034d29b,114,NULL
115,"Olivia Watson",user561224,eb221064772467a1d4d973301dee11e9455a75c5104bc00be3512c5b10297186,115,NULL
116,"Bethany King",user441512,cdcd502d284911a60756ff1e822a2475e8d1954341e96e437fd08c4cfe2e8e4f,116,NULL
117,"Scott Freeman",user337723,1dac28ad675c8a24c3db53b32eb24baa038972ad903a0ee529920f2b6bcfabc3,117,NULL
118,"Michael Davis",user443131,b2429ff855849def39dc8138da89f61d9e95f9283adaedc8ff3bb5eb67ade8d9,118,NULL
119,"Bonnie Tanner",user379988,36632b34b2a2fc4f65524007226610e6e84955c6d09d546a2c7decc87ce4a8e6,119,NULL
120,"Taylor Mack",user231599,64f83f75aab78ddb6756e310e94257037e33eb290c79882679db375e37c06eb9,120,NULL
121,"Michelle Martin",user980487,d1f134cb29ed5af8be506e8440287b8ec38fff1bdc0b952daa6905151a299ca2,121,NULL
122,"Jeffrey Ochoa",user544875,d3602afd2ac97aa76f4b4978747d34019d9216e539e5d5c9b63455e84d293afa,122,NULL
123,"Stephanie Zimmerman",user528251,c4fcda795bb92551c9a11ed00bbccf511e971fc64b5f9ba379ab1402aedec6eb,123,NULL
124,"Amanda Morris",user132902,10bc315512f5f672d6f3093915148a260b8246b503cb95226518096da519b9f4,124,NULL
125,"Heather Brown",user770874,1111aa72c1d249afb7eebdf57b4fbb1c56bcc52a336d47a643e878addc4cf777,125,NULL
126,"Denise Avila",user450488,bd44100b13bd820b7fe6286b3733817e55213ff8547f1a29aabe22620d5194b2,126,NULL
127,"Tanya Kramer",user621411,d4be1ab5db473973eae40c3f36ad1c7e3b06704e604e9d2c894111f141c4a5c9,127,NULL
128,"Margaret Wilson",user752431,0feff6a0f6b4f2a7c4dccdd9175ac376ae7b472cb677253b5c395b15155b809d,128,NULL
129,"Theresa Sanchez",user703494,d593274500481f39d8e74ce3fbc0ecfd7c5093d7a3f1778e8db12b76a8237cb7,129,NULL
130,"Patricia Wright",user594507,4b219f101f4659f46216782408e5e07ff9bbe7fb606c0b644d46978482c2b2a4,130,NULL
131,"Norma Burke",user964189,fb0c8eb17c518fb3faa6896d071d3e38504b444bd22c1d20fbc66ad2beceb89a,131,NULL
132,"Mary Brown",user969034,7d0c231465baa859d2e11685aa32f97885814043ebcfe4cf306370bdc9a2f232,132,NULL
133,"Henry Weber",user733949,466dcaea4d0314ac6b8997a4970aa7e08f3c49ef5bf4e1a327a77b0d207590c5,133,NULL
134,"Richard King",user223732,b520919304ae47953c2e696577aca0c54ca57082de492bd8ab599c3c40e8085b,134,NULL
135,"Michael Colon",user645368,9c8c5932eeefabfed8dea6f9a0756c80c88dfb104a39d6c64f1af584e13234f4,135,NULL
136,"Dillon Smith",user248416,cea15671039d3c032423c7e7a43513dc8b321926d250ed82aab3b966d273018a,136,NULL
137,"Angela Gilmore",user911586,795b9da79b7c435dc873e55301476811b61bd7ec3d032e1f3ffb88545085c746,137,NULL
138,"Robert Huynh",user084402,5f4a8459bdbb173c2de875dc8ac61963744d7ed6f7fe980307dafd0bb3b537c1,138,NULL
139,"Rachel Martinez",user399363,dfdf68665a56e42a9c0fc8640925a8b3c095b70f33750d2d6d15b14edca60302,139,NULL
140,"Sarah Patterson",user828277,94c928ac73220212734c2329f0f06e3bcfb88428da0af1dd6db5b0a591939c2a,140,NULL
141,"Kimberly Schultz",user142999,9b68c268fc154fa73843c73376272bdae52ed3512ad24e8945e1e2fcb90969ee,141,NULL
142,"Holly Miller",user262492,2cb6daabf51f156ae9646119e679345eefd9da0b0223a0e897f021637b480af2,142,NULL
143,"Sandra Patrick",user700368,13640a932f8c56ea4a6ac0785a2a1e1ec8bf508b3943844741f82106ab21b294,143,NULL
144,"James Monroe",user944573,03aa09e36262fb12e2e4fa5a9ee3f6293d3e1cc4e04e34d7c0c333815049990d,144,NULL
145,"Kimberly Lopez",user643568,1a10e0411637ceb6772b3a728dca5449922ffdeefcccbec880860de272b6bff0,145,NULL
146,"Kathryn Morales",user726637,2c926b8ec81bcd0fa404326111eca730b38fb3a612d864948e62967840fe4c8a,146,NULL
147,"Antonio Cain",user013996,d9b88290872520531737602617db1d0049a15a8d38050efeff3fc002f1104459,147,NULL
148,"Lawrence Deleon",user726199,8d72bf919381c91f6df921e4c859944d96059e5510816d72a838b1b67a045b93,148,NULL
149,"Jessica Clarke",user671822,5d72bf6c2bc972f6c9a03539a66ecf7025c0235d06e682b3858ddddc0fd5eb98,149,NULL
150,"Wesley Scott",user228825,d2919dba80e8df0df6778d9ffc697ae5d567adcfd69a7b761095875b36154940,150,NULL
151,"Cassidy Harris",user301287,411c24afe02bc6eafc77bd648137fc29cc08031db670f4899e72cfe256d162e4,151,NULL
152,"Erin Gonzalez",user665032,69ffc3fcadc12db50b8c72bd80b1b0b791e9cdc4661cc1b37894bf518a0eb03e,152,NULL
153,"Amanda Crawford",user924027,ab0bea483fae8acec0b3ce31529c79406dd87ecf744ea48b93725f84ad86160c,153,NULL
154,"Lauren Berger",user571222,2d424658ddb7380ca68939ed5308c2d2066a43595d702ff276a4e04cfd90804b,154,NULL
155,"Alicia Ward",user536988,7a4aeae70ab5e208af5c5c155bc1f98d46e560adf7ae1808f58903daf9e0177c,155,NULL
156,"Jacob Harmon",user061772,91d75b0de77cae8e9ccf7c152bfc2e072c2c927ecfe0c4efe5a9cfa50cf4836c,156,NULL
157,"Ann Russell",user340780,4fc6ed8883958fa715987092fba9d5ef251ca32ad8c5b78869139a7a2e65f741,157,NULL
158,"Sharon Reed",user918874,267eb6f62bf6f350d855846b76df2e12d3ed7a213316361eecae23b27c0fa176,158,NULL
159,"Joseph Garcia",user391602,f5a5a4920ec205f4cc16f54a93eeb0f73226d8d8f7fb45674b16a71b658b83d4,159,NULL
160,"Jose Pratt",user170569,95801c6f6240fe082b74c0a26e00fd7ed7936fa7a807ee08ef83a21a88430e88,160,NULL
161,"Melanie Thornton",user716402,a9cdc686470ab10952ddb2cdaa9ab59f4e6f875c0d4c4c5bb234ca41094bde7b,161,NULL
162,"Christine Moore",user076529,700a7a97cc3057d5f39fc42fdf66882ca9b445938453f442f57d314117f90f25,162,NULL
163,"Andrew Hunter",user006426,b34d23fbc64a91f65ce15a360dac6b846402ee2a170ae479f902567b3677d83a,163,NULL
164,"Anthony Lang",user433350,b2d8670b78842e75544cd18339b375295e72ab1a0c9d49408349dcc2f72ad9f3,164,NULL
165,"Michele Green",user175812,b831e177bb7cf31a3f09bb43ed1644ae1d916fc97a322c3b1c57ff09488f805d,165,NULL
166,"Roberta Fisher",user440288,7ca0baf04f8041e39741e08aef1f7b251be2acd5f2ae03c90ada9ee0a8944867,166,NULL
167,"Larry Finley",user783168,63348c22ae2e171d8bcb044a7e5f3d09d54d9ffdafc40963fe47ddb8b7439c93,167,NULL
168,"Angela Swanson",user917602,32cdfcaba7edebf00da4cf797a4f8728a78a425b7b53d1667eb04873ba0d8ec0,168,NULL
169,"Samantha Chavez",user385935,d2e9cd65505990f8b3a775a15777f98fa078a2b096d5663583e4f5792e695b10,169,NULL
170,"Ian Charles",user074344,8026f19d33ae0edf9d93ccf712d6409a84b64f7ed116bb0cf00d650565aac51a,170,NULL
171,"Jeffrey Jimenez",user939122,cabfe788a07b9e46f4b350af702b10983574c57f483dd2135ec5143f7c5a94fb,171,NULL
172,"Melissa Smith",user174228,9d59f77e4779f4d13925ee6f596589ed2fbce934610ceb66237a092beb12332a,172,NULL
173,"Laura Murphy",user858242,1dcd515fc0c0f4a6fba9e0c9ea6795405baf0fe7bec9c3452cd5632c75688245,173,NULL
174,"Amy Frazier",user738549,6c48c458ea67868414386ff1d47a64f07158f7d1e331c762bc7c4764ee46c81d,174,NULL
175,"Joseph Miller",user308254,ce6d3f108d092b3c9b6cfe38084be8bb45b3ff309f234c24cc31fd45841af9ab,175,NULL
176,"Roger Harvey",user209894,42071a765a4ceeb9bc1a60e611ea7809af8f3f1fb77c594b131a1e97565be4b7,176,NULL
177,"Christopher Duncan",user213701,2d272517b0ed967aa2295bfee374f06ad839f22fe05c0989a5ac5aea9cafaa19,177,NULL
178,"Zachary Petty",user171272,9c3493009029db1fdb851d1dd18747273064d334a59c799e287725a369e741b9,178,NULL
179,"Edward Merritt",user330876,e9cbcd8fa3b528b93a624c92fa412a620d4dd0df0ffdc3a45b05c99993b2d533,179,NULL
180,"Tara Gould",user745205,ca340ef6c10540f730ea2898a42465634db3ef61d87c726377237503f0fd9d4a,180,NULL
181,"Alexandra Mccall",user181005,36b1b4b0284f87d5023e62a879592fc045806a5707e490fe6f86f964233786d1,181,NULL
182,"Shannon Bass",user732265,cf1c375d64599827c4335335e845fcca6b1c8c9d83964b0c6810c9af06c55893,182,NULL
183,"Jacob Taylor",user283983,65bfcd52da19a04b931d0ca9b5f45160b5233ce735abca5e4c10ff724d289543,183,NULL
184,"Charles Smith",user805308,1e7dbd5a4a2ba4502ca6a0e0f8a2a0e3615d31b51e567914931aefe7d5d79111,184,NULL
185,"Susan Miller",user745010,45e9adc1c4ef4e743779b026ddeeb8637b35bcffd73ede825a5492a1b84795c5,185,NULL
186,"Mr. Robert Gill",user907419,71c3f8cf8800e7ebe922e178b03a6a6e093d27f38432d6e010f94dc4de6f59c2,186,NULL
187,"David Clark",user535881,220d8713ba267181978801853c1bc869a8ccc18d5cc2213ef133ad454154077e,187,NULL
188,"Veronica Taylor",user014976,b79c87efdadbdc087644f9f69dcdeb4e7ad28c131ed0f0d6a6f0d5714f393acd,188,NULL
189,"Jennifer Jensen",user461624,c02527412e4710ecf33ed169c921cf74383f2a8a05bef22bddca8acd1df325e5,189,NULL
190,"Patrick Rivera",user636067,f0d0cad9a942d01f92d082641ea9751cc03c5a56d2136b230af928dc971c7eea,190,NULL
191,"Mrs. Melissa Brown",user930663,ca29a6275092febabad7d5a577ad75666058b115389ca593684744ae2aae58c5,191,NULL
192,"Matthew Gaines",user957995,b091c4db33708d32d4abd18085ccc5a7e0118c13d1cea88b6cb9ff1c01095c41,192,NULL
193,"Kelly Thomas",user825947,1a68ae4549bfc07347cdb59a0d3de5b16a708b0cf0b385a27dacd46b48c1148b,193,NULL
194,"Dr. Lisa Morris",user071037,247c09474ebed54ca9a15a868e3ddedb27f6974bbd53fa2978eb3eacf2f59d2e,194,NULL
195,"Dr. Alicia White",user916178,d6e43b5188388d530c9ae36cc166610ac1e20442bf7dd300f6ad4574639006cc,195,NULL
196,"Robert Davis",user768057,58f84fa23206eaac3df77e651cb4e044a9fa88e4c90693107632d16ac7e0b637,196,NULL
197,"Melissa Floyd",user347483,a84df393f76b5339c6ecbdf8fa17b760d1ca8ae2c7f0f5bfc7dfb84ff66141df,197,NULL
198,"Donna Rodriguez",user689671,9e62230ef64c3edaf0df8dd5bb5df1ded2a71a524a7e3ce57fe1b63ed87aad56,198,NULL
199,"Brandon Goodwin",user976414,e0c78c85e48e15213cd033e32f500323c17338823c43d2652aafd6772f385343,199,NULL
200,"Robert Ortiz",user344820,ea3f4ec5a7f76704a27513453852fec984d6f380aac1f721fbb88eb16ee04a27,200,NULL
201,"Ryan West",user763870,a4ed2b8e1d3fba3c48985d954a85e337c0fb3ca8f2c7ba3a272ad06c29f70de6,201,NULL
202,"Phillip Collins",user410159,668499348617a6f3e49bd74079066292d9b65646699e691339af2296ad57c68f,202,NULL
203,"Heather Pham",user918190,58d1948b848ea9b33831d5f9b331a750c1506cad3acfe180cbaf9a6d7b6046e9,203,NULL
204,"Colin Evans",user754179,fa2403433f75651fe8177b3d230677a347f57c4c9e841bf98f552e3501c97b20,204,NULL
205,"Terrance Williams",user065705,5be250e3c0c8ef956bceeb62f08e3a502bb12ec22260bb868340d1f558e3a294,205,NULL
206,"Diane Stanley",user460780,bde4f8ce98684ffc4cbdcc129ce69729081012774c19ac3102dc0dd8e34ad537,206,NULL
207,"Matthew Park",user163487,2ed67a1030447a33065fb906cfcd36ab4aafdf2363ee1a587a9032d04adae726,207,NULL
208,"Phillip Martinez",user959232,063a285bd997530063c5f6d4a9ac699fcbd59a246c578512a794fbf9139a5d84,208,NULL
209,"Charles Morales",user754035,dcb0a7c796f01a1906258a514a8108a268baf02e7ed210140d57dad5bd01f119,209,NULL
210,"Lisa Kline PhD",user693584,7fda7587dda276210869911215fbedb2191f0aab02efa79716818766094a3a79,210,NULL
211,"Madison Conley",user391784,ad1e4f980eb4f39b7796f68597409f66663229c2b6599b487bdcdf23ac15a6b2,211,NULL
212,"Levi Davis",user201653,3ed7e14850f511edf946e190e3d5851c4eb7e66616364294c88032054a2f0963,212,NULL
213,"Phyllis Stevens",user305348,ec586f47341d3bbe7ba61e8acdd7cbc4d2798938e907c821252ff6206e0bf7c2,213,NULL
214,"Amy Barrett",user986742,d33224bf01c11e7cda5cfd8a4ad9ad18a93bf4bcda129b73274cd3dd4cfec1a2,214,NULL
215,"Kelly Jimenez",user999968,b7cbd9fb9b0f6650acb7d27dda0ee4ad4f723b60f7c86a6d178bae6843a8950e,215,NULL
216,"Tiffany Hernandez",user118713,bdc9bf1135c797b6da8f06d8cb5853b7343c85ddfd78347ad91ac71b0e8972b1,216,NULL
217,"Charles Dickerson",user255843,0aaefeba0a31d55bd44e394172266706903635dfe9ba58aaaa24544bbf337d46,217,NULL
218,"Caitlin Williams",user792607,904a8ce6c66f9ef5c9a0c6b9b3618ae0813cf34744361c7af7b6cc75dd9de60e,218,NULL
219,"Christopher Holloway",user756942,54371da2b1611066487cc247827f11a31a48b94d52ef2f83598526c37eea6b88,219,NULL
220,"Carl Obrien",user248448,1be0939e639ee15ac965e26d01e86e4c16ae3a6a8e4bde69b5959585e5472265,220,NULL
221,"Kristina Leonard",user908031,8cfc1658213b860eaccad0e2f56c9b9f7964d482149fd04983073b63b0cda32c,221,NULL
222,"Angela Pacheco",user016565,a534aead8f8ffe62687ade24a775978b7e1a38ef74d39a1ffc4a6869385ea739,222,NULL
223,"Victoria Zimmerman",user142457,9931ba2d4bd11335c40a785c842a958ea2f8f471ecf783d3ca28ff69873bab5c,223,NULL
224,"Stephanie Johnson",user557605,586d83d4fca8b1360ff62d7818e6926cb2c0afc9dcde5e014e16b74cfd4db605,224,NULL
225,"Samantha Griffin",user312388,c8c47fc9a4e6fab945cf4c5ca757fd4e5977748c947ea5932d88bcc99d2c1e28,225,NULL
226,"Eric Robertson",user916933,c9b1c34cbbd97a933a4b149a8fddf5aeb3f330b35760cdc03f47c5f1510f6e77,226,NULL
227,"Rebecca Hernandez",user610243,b6bd9226a9bea9d00e20834fd822f3b375b27a96c882bb0db7f82be10e5a7cd4,227,NULL
228,"Rebecca Farrell",user342218,f119b378d73bbaeb17a48e2205dde3ee13538ee70cc9e588eb8c373640f3bf0e,228,NULL
229,"Jeffrey Robbins",user009953,274f4ded9bc79c6832d47ec22acd7d9cc523c1f250c217bf3bdd49dc2e884bee,229,NULL
230,"Austin Casey DDS",user109154,f18a60b0b9f4ee4d2f60088514bcb80495638fcdfff4f1a66e5f4be9e3910150,230,NULL
231,"Kathryn Garcia",user984345,f9acefb1b86a3b46d320d306ff371350c534eeaa406b61c13d6c932f2c7ccdf6,231,NULL
232,"Lisa Frank",user720183,f44e842b89737bba32547627d316f050cd21a8d592f1abca4c7b03a7f7635f5c,232,NULL
233,"Joshua Brown",user824370,7b43436d7df389098f254b6286fa1a142046bb27d29ee835d08507fd09414a3c,233,NULL
234,"David Gomez",user181392,a057a8bd2fdbd00b7f993b37facc97655ff21e0813b2cb8d4757da8f2e45f4cd,234,NULL
235,"William Gonzalez",user027115,ebca392c092e019202b2f6e4801a52fc77936880f5188986d52adc75c5eb8331,235,NULL
236,"Steven Walker",user882662,5777ce59cbcad42c50d6d25ed83be9061b9a77ff8313ac9f18d991fc91a11876,236,NULL
237,"Tanya Smith",user526550,d529926be33fde514b2bf6147741ca65d32837beea29b291bd9481f306820573,237,NULL
238,"Alexander Flores",user060490,5c8981d622a27f5d611b4930759b7d0b803546da07a2b1acb40756f25dc54c7a,238,NULL
239,"Sean Alvarez",user410372,697b6ffa62107acd234c0cfed7d73abacd14e5c980f428a50206da934c356428,239,NULL
240,"Tiffany Diaz",user252659,50a6f11c35f55f994b3ee5a8d9de05ea45bdee8b4c3450c1422c2e0c6ae87c34,240,NULL
241,"Darin Rice",user107178,b89999073c7b9986509879d0eb476d00403310486ab11a568e9e681b4379e973,241,NULL
242,"Joanna Patel",user762457,969a835e9c032e455ab5aff170c63f06a5313e50f89701837e9a40e040d20904,242,NULL
243,"Chelsea Brown",user522081,2976d700bc69919b4caeb9d5f51158c5fe49817f98c3a3e2a571422cda8eea29,243,NULL
244,"Tony Keller",user057437,a65173064fc57ca6424ec482c64a53cbca03da2b1a15722c3a9c20d32748df04,244,NULL
245,"Brenda Howard",user392585,e2422e0c7411fdc736356e6e18f62af0a4c3a824708039ab7c66a68e54eb9f9d,245,NULL
246,"Jennifer Harris",user942188,5da5aa01471e2db1d4a601e8452e6296bbbb506553f2cb5753a15d8164013cef,246,NULL
247,"Rebecca Smith",user368313,5ca8b947e13c3d80f0853a25149eb754509fdcd0378ee5439f3ae134dc0fe893,247,NULL
248,"Connie Elliott",user518263,a435b068bf8d41cbc124772a82e192a91dafa0af2805a988698d7aa973ab501d,248,NULL
249,"Lisa Myers",user532191,69d9642e03963ddfb19dae5207c90de858388d8b270b006943041131740935c4,249,NULL
250,"Scott Thompson",user447256,b78ce1ab6c1234766ae7fe491dd320a822759c916b7827b62a6878997aae4aa7,250,NULL
251,"Michael Thomas",user708152,c437bb8b7b91f67ce54d5c32318621ce9b63f4bef8dfd869eb99789a1cdb7df4,251,NULL
252,"Rebecca Scott",user429595,cb023c9bf50fe3a02d7cd39d8db5692f7cf16dfc812c685cba999f0423f542e6,252,NULL
253,"Nicholas Mcdaniel",user788934,d97122a2a5375a602595471062f98d65ab170dd1871859641af79e858ea591d6,253,NULL
254,"Gregory Brooks",user123407,c101d637c3d2d227490be6f91874b7e8a3f529e10eb655196d9bf634e1cf6113,254,NULL
255,"David Watkins",user244333,1597b6f04dd0fd455dcacebf98295b357cf05e2e2dcb918abc07f899b53d370b,255,NULL
256,"Natalie Marshall",user531660,a930a9570dfcf9757132836bb859f235139ec38179dedd64e4b3dc965449da8e,256,NULL
257,"Patrick Collins",user902550,2cf457336a7a7a7f6051d31b9fcec4b0bc058dc3326528a102423d6275fc4be8,257,NULL
258,"Ashley Smith",user363524,07dec2d5ae2442bd0d579888eb0b8c66cd7e53a2eef171558c9346e44e034ef9,258,NULL
259,"Sarah Lewis",user784005,5b4ec328797f251e5043e58d69deb165bf8e205ade9c4a64aba24a11b833a58b,259,NULL
260,"Eric Munoz",user624393,c4cc264423cb74c9985b3630e88125fd8d898f719e0ed977def979466f65d099,260,NULL
261,"Heather Carr",user807418,07f430d52908f587749332841ab089d26d6ececb4789a77a9e067d1725bd04dd,261,NULL
262,"Larry Johnson",user721407,1171823f5719e2dfc888d5b5528b863499fa2baea5b88b1e6e606c560741ce20,262,NULL
263,"Darren Harper",user439984,3aa4eeb62be710593a710827d6b82a1fa7054c6d35e4d8f451cc8a091868cd68,263,NULL
264,"Patricia Williams",user867027,c431ab84b2da6c788a3ffb39d8a7db2afbfee8b128f32cb3910002f6c159b3e8,264,NULL
265,"Lisa Cunningham",user513664,21628c029fc5d0a9d2d60d17cd3b33d7b1b17388eeee437fc92fdd4fd2f8d8f9,265,NULL
266,"Kenneth Maynard",user956380,bec0ddb53cdc07e06fa768f7ac035a59c67d51d89e3a4c9bb40fef742595b5a8,266,NULL
267,"Cassandra Herman",user548241,fd95511258c7015e419fc7926ca7f0ae5ee496ec7395bed48936fe8a30e39af2,267,NULL
268,"Jennifer Martinez",user809168,2045eae31bcbbec8077afc55f3a99615451a238471b5e8df7d56d9660e07b3a4,268,NULL
269,"Jonathan Cabrera",user440027,59f930944af361fdba6b537c03566e50a06d9a15eaa0360506eef179e7592df2,269,NULL
270,"Regina Young",user078008,10399881235a9e148c2c93d849ba8dda23803d25017285d5aad445e5ba306daa,270,NULL
271,"Larry Ward",user521921,cb7c22368a96aefc68734a0ba7998dcfc39da8dfd1b3c4ed2d3b6ef5a517df38,271,NULL
272,"Jennifer Stewart",user214431,c4afbf52049c5599d0bea0b67ba0d24785d69b24d26fd1e16c7db6734181de5f,272,NULL
273,"Ryan Mcconnell",user376902,271dfcf4efb18604cbea3d8b11ab6aa58a29d1655c1b08cc80475168162a1d88,273,NULL
274,"Michael Johnson",user231261,114bcf71e4b6d2a242004a1d5bfece07ed00c4738af92a7e0a17e002b6ac5ab5,274,NULL
275,"John Chavez",user001855,8a9c2923500cd058b087b9dfe60af12ad40e1501ed43977d0948a66a9b435b80,275,NULL
276,"Randall Wise",user953891,6686cf7789d3261c0bef063fa5171eb6e6f0b361b3c8966370f0299e94eb547b,276,NULL
277,"Sandra Rodgers",user107250,2850e2ef447661239e66813cadc254c11b5e69cd5f2ee3c2273270e61d04d13e,277,NULL
278,"Marc Stewart",user452739,f2f9a5942070daf94088763a3253cdd6b51ff23b87dbcbda0517a587cf6e18e5,278,NULL
279,"Ashley Hendricks",user636798,d453be873b7ad929b9410833fb2bec93ddf299c6fb72d4ac295fac7861daf7e6,279,NULL
280,"Ross Wilkinson",user024505,1e641c304a69438fb06071e354fa8d553585c8f7aad5ec8bfece0df1427e3926,280,NULL
281,"Tracy Myers",user734427,026b934ac62e7c64ae004d96c517d5451d802a04e35c40242db492eb570b6235,281,NULL
282,"Emily Roman",user733565,e57073294e13a9d0fca32a8fb8892950faf1165565abf15cdbd01fe287d23c97,282,NULL
283,"Amanda Wood",user327894,425cfaad84996de259cdc029c22df82b637da4609d9f3c1be2db215282eeef84,283,NULL
284,"Robert Prince",user627916,1cdef2007a8900d85d63c912cb4b8449c2afc4650dcd42b860a39fc8e784ecb0,284,NULL
285,"Mary Thomas",user979358,7acb5912c0859d88be71851e31cc5f8bf04a7faba9d1256565314ab824078166,285,NULL
286,"Jacob Palmer",user956566,4c35ec2d54f70f55983c54a59daaef519bd9b4aebf8db4b201599c0aeb1b0bf8,286,NULL
287,"Jacob Dennis",user360538,6d2758943d0c9093166d2d3b53a623d4a62c3e8b51a6c12a0f82e53a43e9f44f,287,NULL
288,"Amy Lawson",user241136,32b15be06cf93e06c099d87f96a7b36b53b2b48b392d300e03d5000e7a17f113,288,NULL
289,"Heidi Baker",user336746,186cb1f0c2d0f29db49269cd289876b45fdf9831b86f128ec9a95f1a215fda4e,289,NULL
290,"David Mcdonald",user227947,6d21fc62dc30d8a77b97e1bfa89aea753f31b6cda0370df5ff736b2fefcc80be,290,NULL
291,"Dale Beasley",user300290,4e998cd96d4a5dee049e1b11de3c9d3124d00e40761ac2d10632c81091d585e0,291,NULL
292,"Andrea Wiggins",user653992,adb76ad748a7e47a015f14b1c91eade7e5faffada7795e0cd397be119260abbd,292,NULL
293,"Justin Nunez",user723249,118ca28538e4222760acab528897300c93c9c499df19615d1c1c47a1f530cbd9,293,NULL
294,"Shane Bowen",user855799,8d04ba75669912ee9411752d5821d2a30170a74deaf00a63dd02bc0e8445c46e,294,NULL
295,"Tyler Flynn",user750950,a9c7336e7b0d5653ca9078d756656fb1447d3b22c2dc3596aec57ffe519520ef,295,NULL
296,"Lindsay Leon",user565864,0a4f5bfe353176483a2315485b52d1615e49ca49250c3f217953f98d43da0826,296,NULL
297,"Nathaniel Hansen",user992869,5ad415daf507b4ed99a8e6b992a08307b5cc9758853c0cd770903a1a2cc6f37e,297,NULL
298,"Lauren Mosley",user771740,e3774f021746e6d31c0d852e4d94f6226c15cf759022a5289c1651543394ed58,298,NULL
299,"David Thompson",user727244,6ff50f133d77ef03d4af6c4c64779b448a493147288ad0dc63362cec57a98d33,299,NULL
300,"Richard Williams",user871990,ca8d08ad5722ac5ac0363cd3d3ca6b0376ef9273f185475a24ac37afecebe0c4,300,NULL
301,"Teresa Cooper",user022607,8288748d109f5ae1f16c64eacc3d54e514cc138eede69065aacfd616657fb0b4,301,NULL
302,"Wesley King",user581633,63704bb3743c4ce29a4d545cc504886dd2c08035ea67e92758dc477176bfb95d,302,NULL
303,"Maria Wilson",user847570,19f8fa2648d97b3e99d443e245c8fe3c2cab708d47726440a314dfbf9d00f7d8,303,NULL
304,"Jessica Le",user869145,da9aa40010c8f58eaa6918a4f211dea435737d3a71ad3bb457cdcf007388d172,304,NULL
305,"Mr. Danny Hardin",user885632,9662db72f62bf40738eeb10ec84100a46d048c76bb939bf2d119cba4cca4f4fa,305,NULL
306,"Raymond Frey",user004712,2145f57ecccd4c7a3123e48d36284f52886551c2cdc5703fdc7da64a09942d58,306,NULL
307,"Amanda Edwards",user118836,595d87cea399c100d894cb0717beb270a233c49f842f181a51999fb6fb3aa5f7,307,NULL
308,"Brittany Johnson",user215478,d6ef64517ede0cf138db9be0d330e4a6ec911ec2e0902fff8c3e93782f8a02e6,308,NULL
309,"Benjamin Gonzalez",user024572,c4b66fd96ebb3b0982a23f7293fd10220e9e3861a7ed70bcf7e7a6f0c8e56a17,309,NULL
310,"Brent Nelson",user527563,25847b33a701d9aab691f045a837b158ff8124b029d32139ca5614c846636348,310,NULL
311,"Catherine Fischer",user802557,3ef88e279f5a8988c115b4dd525b33131f2e87fa64bad49edfaecbd23b8bc539,311,NULL
312,"Kathleen Robles",user500526,cb1c0326f38816a8bed5fe591b701493d27f64f88d5934f61c5e47a53a3aecde,312,NULL
313,"Jennifer Mcdaniel",user286979,fe31953998853984d7e85a80e336eaf52b56d8228abd653c27fe17c58be6222e,313,NULL
314,"Susan Hansen",user947868,cf4324ecc8718543fe41c1aa3c354fe516e3292f174788186600728bcf8fa422,314,NULL
315,"John Howard",user426684,32227f9eb43b85579d4e85463fc9d6a23a8959e826b4ea59fd3f7c079bea9e4a,315,NULL
316,"David Ferguson",user576194,b900f39110a96bae5f2c1ab554dd527837ad9044ba43d3970aaeae73abee4d78,316,NULL
317,"Alicia Turner",user107538,e030300db0ac19de6eb8cb2ece29193fb565fa090836b3aa2fabcb702710b511,317,NULL
318,"Margaret Solomon",user857473,c25e19e47dc8de87ce851b5cc4ff5f4348cac6578d2799349b0c5b66087f4f09,318,NULL
319,"Rebecca Powell",user324144,4431ebd33b49c0b32b7bf5dde829d87366e19102185163233290a51155d3de43,319,NULL
320,"Michael Peterson",user441496,78e6f189abc8c150ae28293e7a18eea93e5282ee548cfc698ae022fbb8a9dbff,320,NULL
321,"Joshua Obrien",user471126,fec9b8cbae32ee788c09b8ab991dd1c253d7542bbe9903697c2cb2f90f94d861,321,NULL
322,"Shannon Harmon",user977941,ee74a0e3b5028297280e2b2f926cdf7ddc4f89fb161c6442ffcc4423c475183b,322,NULL
323,"Carl Garcia",user340749,a1c334c1479b5bb1057a572922e92b0def117cb05ef5b9ed5c224b720bbd76ae,323,NULL
324,"Maria Barber",user672766,e1db3e9185b5a50cbeacf2cf70a0fb5feb07d5b290c6212cfa5f5b470bd4d977,324,NULL
325,"Robert Simmons",user715814,cdb9efece944e9916bceb3425dd9aa57883991137fc1b2faeea7d1fb6f05f003,325,NULL
326,"Pamela Rodriguez",user545585,001ce9f24c92cc147e9464094a362d24a2c3a83aa1d380932eb56ed31d771ba6,326,NULL
327,"Amanda Hartman",user923785,d80d0b6c3fc9ad36621aca879e341967cc9fc20af4498287c6d92779c3c7bfb6,327,NULL
328,"David Smith",user641665,5ddbe8c190309b063f9cd0bef54ebe5a6d9a2b668b4439bdc3f061642278819a,328,NULL
329,"Nicole Ingram",user877572,1ca3c5cfa9d2e75f24beb24365ce14fd5b4ea8aa34d2d37b496c2018c7e161b1,329,NULL
330,"Christopher Baker",user898896,4ec196f3a983c4c8d09320ecb976cd3394c9aec7eb78b7d3ab4bb45ad50f8e94,330,NULL
331,"Janet Powers",user180881,1e4e772fdffe3ee380a83d3efe9429a1e4fa3a2d21650ea802a4d143c5710dcf,331,NULL
332,"Diana Smith",user346679,b6a1675a4a97383f14015925f512fcb7d4cd12966a62fc561634d98a198f4e45,332,NULL
333,"Paul Richard",user958974,b9eee4c7b3365e600fafcb49e7b4dd961228ab66aec342283757436afffd0aa9,333,NULL
334,"Jesse Meyers",user100397,e55ed7455273077219778f00c43e8d0caee7928d9cb4038011fd2d7848fd871d,334,NULL
335,"Sophia Long",user276789,a4d088fe8e7066b7a149d68a20d9fbae9a14200a36d6f88c92ad7b01c8a720c5,335,NULL
336,"Christopher Coleman",user355419,ccf3cd914cfc13b3e61a18263cfaad2365ad85aee8bace13bb8ff6bc88e099b3,336,NULL
337,"Russell Huber",user261867,1b1a53a21ef2f17edf07adfd98ecb22fd89d6018ed47acf8cf99ccaa47e747e5,337,NULL
338,"Diana Faulkner",user776700,85198c57f084c5fe9c318c693fd02dfbb14a18fdeafe96875079feba1200d726,338,NULL
339,"Alexander Miller",user400503,2ce01ddcd628d30a2a062af7c40f8edb8248fe3de09a7145f90ac888bf6fa152,339,NULL
340,"Matthew Martinez",user619261,b2bdfb06693ceaf9638170c0c14a1b76d28bc0972acd5f0bdf0843c26cf7b206,340,NULL
341,"Tracy Butler",user161435,9681841e31c8d43dfd3825f02e7ce0b5b733cdb246ceeeb2f70d2a85b80c914a,341,NULL
342,"Michael Walsh",user493923,7fcb071f89a56b6b69ad50a5e2a173c7dffb534d799f710af60857a0655b3251,342,NULL
343,"Krystal Graham",user931626,e9420ae8dc7842a031bf319f1b1783234ddd191cea3b97425876076e8d55cf1c,343,NULL
344,"Melissa Gonzalez",user255591,211dc62993188b3028b6bb1789ab46b2a1faddb2d23a16e8c9d22b5af9c05013,344,NULL
345,"Robert Ingram",user471600,4457f377247e751ccb81c47c6c6f507ad13bb03d11779ac5e5b23bc9be8ae6dc,345,NULL
346,"Rebecca Morales",user660078,32ffdfde148ecbc7b02ac4520fe4b929021b2117b9e839cf624245c2dceddd2d,346,NULL
347,"Rhonda Smith",user297094,0ae80e1e7967fe28c660a9381b12e6174ff10381d37b1f37624036059fe39c21,347,NULL
348,"Wayne Taylor",user704088,8cc8830327a3a32794a4c2f84263deafa03221c77ddb0a673aa9a59af8db263a,348,NULL
349,"Paul Mcguire",user703829,6bc7b8057fc8f100a8cc83c8759061adeb644af2871eed0d2e010158cae82746,349,NULL
350,"Miss Cindy Dudley",user035962,bd026ff2a9e452bbb8c0df2b52b567bb6ed8a4680c35e63381159471555cdfa5,350,NULL
351,"Maria Stevenson",user348832,893248d1e3e1155698f58090f19467b8c8c56143b5ed5340ab1465e255a039f3,351,NULL
352,"William Riggs",user304153,c5d24f5c5021e6f6de79edb9527e994a37b9448ea2d7760e7e1dc63fcfccc3a8,352,NULL
353,"Anthony Wright",user639424,ec4d8d517f90d0e3054c931d01e2295356ca6c3ce01e982575587398d75aafe3,353,NULL
354,"Peter Allen",user411677,f50fe03491d85c5bce1c5045adb2b8056cedf50b99e782c8c6b335009e3c8a10,354,NULL
355,"Jason Perry",user067058,5ebe1532096a7dff2882f3bdfdf0ad580fd088ab566f3ce773b9a5c2b74cbf38,355,NULL
356,"Marcus Schneider",user569020,acda1a2bdf8ab0290c980a02f5c25fb62b061f272f2df74b96df3f7889c54db2,356,NULL
357,"Valerie Cox",user207852,227582021fd2961cebc00f1382737b8ff2f5f6b24c0439af6df3dc817932e519,357,NULL
358,"Joshua Dean",user828012,1618b42d1e8d090b6b3dde0e924cf277026105482c29ecd68f3a1b0074cf8514,358,NULL
359,"Richard Shepherd",user861570,bc30466b3b5054a65ca85cf058802fa002a0ba36b2156a895aa73080047e75c0,359,NULL
360,"Robert Cox",user917734,1f973ebec9904665cc5f55756b24d448bac524fc26674f257920e89af141f75d,360,NULL
361,"Manuel Davidson",user682810,024bc39ea8db4edaba24f5cdb92b0a6ca2bf38855aa6853562cf639f1700392e,361,NULL
362,"Nicole Garcia",user713786,fbf7b7b1391970958f5caf01a94a57cc0b56e52f1ebc55a062a5a01e3c70c685,362,NULL
363,"Kathleen Adams",user416652,28e36cef871ddbee31a485a9ff4394a073f496682599795908f81ce023e77de5,363,NULL
364,"Noah Henry",user492321,322448488b229b13eeec2b2bdbb5c8d8193ad5d52bf96f23cbf23f4d0b7762dd,364,NULL
365,"Michelle Fuentes",user604242,c793559c0dbf3ab1da6dc54d98bdaddd515c9b7f6c6d9bc88d49e0730867d225,365,NULL
366,"Alexander Sullivan",user049719,747243b6c7a31726dc56861cab9cf236931ffb63a1cf4676611c63a51c5c6d98,366,NULL
367,"Christina Joseph",user506491,648021f36614a93ddd689669da871daf56b496139abd8ebbe95afc7de896aee6,367,NULL
368,"Jennifer Fox",user175858,903ffbc5df527191af9b7b1c8e05716cf55591a9056b4e37d6ac8c8ba8ed28b2,368,NULL
369,"Melissa Kaiser",user782898,e36b5d07ace8af83d533082b1b1941dcff4ea8ab168c3928ee025d8cf41363d3,369,NULL
370,"Robert Wilson",user292331,e108edc6bbcec76388f0ede4243524fea3847dd77585f7d21c23932a8351d183,370,NULL
371,"Diane Austin",user508221,388febcfa0167898d410ef9f8edf966c0216182a547e9a0a362dc0d6bd48fbd5,371,NULL
372,"Jessica Spears",user025231,47b80d426cb842f226a83d062ddc627d6f4f3089ca0c6aafe1673f9a857d01a7,372,NULL
373,"Amanda Patel",user905408,4d5725f5879c019e08ff9c13689124054f35335b6002437ce50f691277c172a1,373,NULL
374,"Robert Campbell",user975682,15d8e03f3794441570c61728e21e7faa1974967729e85cc98dc5b529892c4082,374,NULL
375,"Janet Jennings",user389289,ae27122a9fe0732c30d10dc2839e056b9fe00f46ff4aed6ccf31b3710508bc4c,375,NULL
376,"Morgan Bush",user615358,a4be3886d80010cde0c387fea020b011ccf6ef35dc43ed84f5cd4f69a6fe85f5,376,NULL
377,"Benjamin Wilson",user188198,20370bda83f4244320b8c8a4669bd1713d6c975911052d83d3922fd4aef4bd1e,377,NULL
378,"Kathleen Rice",user037543,b079d24f8d17275131c1c63eaa0530f317a86f51d56d46977fd7fa22907b314f,378,NULL
379,"John Hernandez",user019548,3d39e8ee05b3112c871ad6ed4b85fea306cf8c2cf4d1ea5170d78301c9476f8a,379,NULL
380,"Jonathan Thompson",user033524,9ae93fdd8fd4727c326ebc0f91e70bb451ec2f9661e69ea58e495bed3e21ac6b,380,NULL
381,"David Lowery",user461036,57c58672e78546c66e73faa1ab417fc680d6c163e2fe039e2c22ac53930ed858,381,NULL
382,"Sandra Peters",user457978,f4a21ddc78349631e44189eee64bc25933fa9796ee117ca880cb1f8b0fce564d,382,NULL
383,"Joshua Russell",user552262,de500ae3aaf0a6d5d61c8bab75faaf715f6bfa1d4c94b90e6a258d13cfdd1183,383,NULL
384,"Michaela Thomas",user371174,9281766115881e193b7d85af15dc6854eebd6df0db0c8ee2cca2c38509e833f2,384,NULL
385,"Sylvia Baker",user081955,bfdf956151e14b596557df2551c5cb05a2c4597a6f30852007b4826ebbfc267b,385,NULL
386,"Cory Hart",user216581,47b511daa4b178032c4dfdd54b098635b8b5b43ee4f8ee1075db246fa5d43bb6,386,NULL
387,"Kathy Williams",user377452,b9ba7ae0c2c5be6053f386ee7fa8ee1d45771660070e02d3cc3dd5407b2e6075,387,NULL
388,"Catherine Davis",user222356,0592d13a9afd8b8c58c417eb5677e60bb8d019666face2fc0574143d0206c519,388,NULL
389,"Rebecca Calderon",user827703,b015816c0e17f5cc8b2b0d0a61aac0c4c74f3739847df087a8730d7d8b14c383,389,NULL
390,"Jamie Taylor",user725167,3dac397dcced961799d7c9c8396fea20aabb17e08ef1627e892c921bdcf13599,390,NULL
391,"Lauren Munoz",user328852,fbfc61d91d75ab28cb04ed31a534b2ea0cc5dabc060df1738d48593308c428c7,391,NULL
392,"Erin Novak",user721681,ee0271f68d27a47463f8941fe06f56685026d8a1d57d7040fdef445c7c861968,392,NULL
393,"Trevor Gibson",user752281,4b0ba4507ed36a2698e96a5ed108d28272e560ab4ac040905e7cd8ccde972fac,393,NULL
394,"Brandon Davis",user798207,79f2d8cbf181eace908cf7ea9421430a2dab9ce4463a8fb46f30ed1a887754c3,394,NULL
395,"Jesus Castaneda",user395403,1e07fa39872b35ec2ef805d5c576b74eecd7c0a8b6492e69d66bba07e1264c51,395,NULL
396,"Kristy Reyes",user328802,d6b71633acf6341d5191bea97edf9ab3b80577af21515e297c6ff8d15c620c55,396,NULL
397,"Walter Willis",user688622,c98c67da1fae9904b82d0edaffb5558d160222c1fd61970c7b22d64f4d199255,397,NULL
398,"Jessica Esparza",user124608,ab94cf540aadfc756b0b49ade5c4158e7f33078c4458b08a8f4d387b445e10aa,398,NULL
399,"Jessica Soto",user169947,3836747710365d840bbe593d9c101a893ad264bd2e862c795e5dd2329d2f7443,399,NULL
400,"Eric Morales",user107523,eb98d77ca6e69f3655ab3ef060197aaad97b5f9c3f36127bcb6378dfbee07992,400,NULL
401,"Jason Frazier",user513427,b80cde802236795fb3983ae20cdbaa532e15b92efba501ad281513835482e10a,401,NULL
402,"Matthew Small",user787413,ed0179547f877c5451adfd5a91b90d7d8ac932354fe7ae7e5a09452f61299ac2,402,NULL
403,"Christopher Little",user340005,07f6d0f45cf7881cb69d2b3c975c2e5b5377a65efdf803199e01ec3ff297d8a2,403,NULL
404,"Andrea Hill",user373392,a5b334ca8a3d7d69d84bc683ba008df5f515e1f50cb459f7260e46020b5af480,404,NULL
405,"Misty Mitchell",user034406,803fa1711f94bbbd9270dccf18bc089e8f4bf721ffe02e0bb3566a373c130f1a,405,NULL
406,"Jonathan Dunn",user293193,46576a4dca307475e40fb9523fbf9bc2841af2c6d99365013d56ba5449e5c707,406,NULL
407,"Jeffrey Long",user261012,c6d33a8e68eeb415dd1a76d73f0f155d107f310491f0390f135c141645d4f09a,407,NULL
408,"Ashley Rodriguez",user320498,34d232a6c9a865d9f50deed9253042f3d84ec5b7dcdcceee0be23810b0962c5c,408,NULL
409,"Dr. Jill Powell",user740367,f25b8b88021688f04dbaeb9eb0a59f505d945a46e16a2845e2f28bfcd876efed,409,NULL
410,"Nicole Griffin",user182499,d45a0f50f07c8a5b4d9272493fae59124ebd811b13bda886c9423e7d82f7e54c,410,NULL
411,"Alyssa Wilkinson",user804178,d825b8f2411c97943111a7235ec3035b526752a2db729743e160bcef7b57c540,411,NULL
412,"Alejandro Villarreal",user636891,f3f67bfa8483903a77d25e38755165e5a3ffe27f57cc86af71157a41b7d981f8,412,NULL
413,"Gregory Morris",user863335,d5c9d6f82dc99477e1f34fbf6437c4dfd0bb8b39946da8e860a8fb96bd7b6c59,413,NULL
414,"Sandra Kennedy",user671348,c43dab3eed753b610325f03dbb514312c3367be894bc8e22b234d7573fe74226,414,NULL
415,"Ashlee Wells",user985599,6fe7fe978907909465e693597e74555ef71b3e92744753599595d13965fdbb23,415,NULL
416,"Sandra Rodriguez",user684248,2eff7c818c02f03832672ec3dcf6d4f9692df2aa17e30cf0be4a687186b11434,416,NULL
417,"Brooke Hamilton",user130335,a0da2f3bf651a0d85192e474566d28ddbd2a242ec0724cab1ab6147a60eb6857,417,NULL
418,"Evan Gallegos",user318131,727ee161d6ca811cef5a9ef98c62b53cdc4fdaad96f12ed866ef031729d1007b,418,NULL
419,"Mario Black",user871479,d2e21a8a554d0eaf35da900abef476db3cd836de97527442cccbbeb3cea6f671,419,NULL
420,"David Garza",user694921,aeefd4b556220e828cd196c1f43b589fa0198659f746f9b624f43d0c3b44b997,420,NULL
421,"Christine Woods",user360197,b96266aeb8d84eb5b89c9fa1e92a5a6493ac3b063827d0f6141e3738daa2e9fc,421,NULL
422,"Beverly Castillo",user589452,64f9dc191f30ec1ec3bda7280180e66f4565c1a9e6bf9dcc1a1866912a18ad67,422,NULL
423,"Lindsey Taylor",user957827,083ea1b901a3daf39055c6ba1792093a97f2c8c184c0758d61b0bc1284cf5809,423,NULL
424,"Mrs. Ann Garza",user893651,97d1ec60ed9eaef7ab057d8729db6a900ee60b084e10e0a4dd3ffb643143b832,424,NULL
425,"Ms. Anna Lucas MD",user358937,d3f3feb1eda61a6a4518d1b33b98f30f3fe08fea41da50c2f91e018494a89e39,425,NULL
426,"Diana Cobb",user776952,1945e436b677defcdd661ff81cf155afa290e91af073d1de5c5c0659815ea51e,426,NULL
427,"Wanda Smith",user531661,7fa3c3cd726806a3756a032ddb8c103d258202e71fe25a9ff305a1fbe0470253,427,NULL
428,"Todd Mitchell",user108993,50127676deb23e126ad1fa50a0f391c5ae61c6b898304dcbec5cfaa9a81e984b,428,NULL
429,"Derek Davis",user285930,62d5ed5c7a7eb8e0d0223511f8a1c0fc73e297382692d654eeb436d42e135c58,429,NULL
430,"Johnathan Leach",user451730,e574449a123fbe7bd48fc1d84cc5313d770811631b30b57a0a463713183b6684,430,NULL
431,"Alexander Brown",user009514,7dc498388edb46052d08ba3db2e229504c1ce5dc9b837708f1f43701e1d7652b,431,NULL
432,"Maria Carrillo",user115197,a7be5b968920058cf55f78fc7d774269034980feb47e248151c5563294639a64,432,NULL
433,"Leah Mosley",user103129,4527f49dc78770c3b72f55d05978fa708bc303e563c804544e06fd567180beaf,433,NULL
434,"Elizabeth Graham",user922688,2b4980e327b48d0dd1a72ded72afadec23a75338f1e1b75ae30c374b1bff225f,434,NULL
435,"Kathryn Strong",user602909,cc039c6b02d09f6e8dd7e8259c03947770d9eb0c2b28863f339678827f26f8cc,435,NULL
436,"Walter Miller",user151089,6b453d0145256a1b3a894bc8952fddb43e6841e2313412cad7962728b52906d7,436,NULL
437,"Richard Anderson",user444510,b8d4821a5ac5e1e078bf21af7369c4fca367b0224d72310bdef6bd3986fe8fed,437,NULL
438,"Joseph Thomas",user085888,a638a3653a0d5ee8871fb2ae0921efc2f67e475190036df78e42095298a3f8f7,438,NULL
439,"Karen Leblanc",user631286,6b6f231a5d8840fa01092073f44d034855efdd75c8b7358a2abb1e2e71f6783b,439,NULL
440,"Jose Ramirez",user221443,eb76b692417c3a1038199a38ccea5ad951a2d1e2a9eeca6498c37aa2ca12b108,440,NULL
441,"Robert Henderson",user525843,e5cb4a70d719e1b9a799f5d22c37e9a2c3c435d0c7e640a3b569a3bc6742e561,441,NULL
442,"Jordan Hill",user998030,9a150d16657c5c104b7129b8f2e157186ba01e3acabfb074e3922f8e38fd5382,442,NULL
443,"Ronald Melendez",user229992,54ee0897fd3a9e11646c69568fc3c6d850c577b6586fd3a805f92c18ecf868e5,443,NULL
444,"Mike Brady",user387584,7d467d4e7c1c2c72695ba1ae1d02df8c305a0e04a1f960838f92e951ee2803b3,444,NULL
445,"Alan Harris",user294170,b31b49f5258d320f2dd8707ab6347fbae2daec61ca208415ba1ab4d358fe8bf7,445,NULL
446,"William Todd",user100984,641d82c02b39ccf1dbcc820ff344ed8bddf062b832c6d8868246a2616fac01cb,446,NULL
447,"Thomas Morgan",user271172,8f822e07844f387c2952161a901f4c48fcaa0a32189b9a6fa66312eeb1cfc9c0,447,NULL
448,"Jeremy Griffin",user243408,4d650ea1b962d41348d47f916fd4890694fd07a38cc0eb7cb2ac5a2ca055f540,448,NULL
449,"Stephanie Aguilar",user184211,d8c3aaea9ed2212c5e14c82a519884a12b0035c6c7ac85a03a8fd5c0485f90bd,449,NULL
450,"Peter Anderson",user309341,6531a9ffcbbb36cefbad79aa7d309686273bf64e64b23e598ab8ce2c51f6e25f,450,NULL
451,"Melissa Thomas",user219590,38e9d4fb2f1780548ffade38c1d93812ce27edecaced64a335296ffb6ccd5623,451,NULL
452,"Kelly Webster",user388143,83d004129f37a2b9bfa2238dc7c041eb8f5e79f6995974f2fbcdc6a5f03eecc3,452,NULL
453,"Juan Thomas",user398412,b3fd2b4fd9e77186a32cbfa8f014eabfba881c68b5cf85556d05466bc121b93a,453,NULL
454,"Paul Rodgers",user076553,3ff64d7ca2b51f5681b8becd11c09afe67eb4eb9986ce01abd9052cd5c73e3d0,454,NULL
455,"Lindsey Barr",user868807,5aa1adec9155a780d3cc3cd2e3933098b9e5538e96edc9beaaeb78a9bfa3ad2b,455,NULL
456,"Christopher Orozco",user818366,6852979ffdc9e5edac1798aa88da59f17365e2f4067d052afa0c77100d681719,456,NULL
457,"Monique Aguilar",user729691,96d5cde9d148d6f542093da25ba75029982c7255b33f1c6e5db6c461ba88cd8d,457,NULL
458,"Jeremiah Meyer",user498838,9958e8d1e9aca924d88f45f70279d97cd28a445e8093bf7e5a875bfe9c7a6127,458,NULL
459,"Ashley Wise",user910712,bd10f80f6084a00b206573ae37ac4aa3311a0d2056ed423920766e2433c44dd0,459,NULL
460,"Wayne Torres",user813994,aaafb526115780b7b5e498b96a97e2329126295502aec8583722559562a5dce8,460,NULL
461,"Molly Martin",user269484,e1d40a7d3726a25fd36e3bd9ef2ec8f16fbf5428741d081c1bed8a9ad7b9e6ac,461,NULL
462,"Jason Brown",user794262,be8257d69df45ecbc13c4423b3d949b6fcc8e2e9113302f9c573933391bd4a43,462,NULL
463,"Heather Bell",user665627,74b813a3904a9c5d45b7780d49c99d83abf278d24c4ffe6833907190b064716d,463,NULL
464,"John Mckenzie",user498566,7a3580ca607d742c904b393c897c799b83e5dfca8a3255df4ac7e05e9feb1158,464,NULL
465,"Jason Collins",user482109,6b98a704e43cac9a8b788c0cd3f0994c78b2bd49633a1738da40139b2d03ad76,465,NULL
466,"Tammy Smith",user672990,2f40f5da7537dfecce9bf07241ca2c5b1ee813bcad7d4981aa0531a10a2315a7,466,NULL
467,"Melissa Lopez",user447834,393c41cdecb4cdccc522f53af193ca3efdd4d70e5d5a4abd4224e31e49d14bd6,467,NULL
468,"Gail Williams",user451937,d18c3e4287c6c7e7cbffae9a5e81762bdd3ee7deaa6b37df4bb8c607404caa59,468,NULL
469,"Patrick Brown",user556308,caf03e23ba651a533b4e816cce897d595779b477dbd75aa6c4a3698ecbc35ac3,469,NULL
470,"John Myers",user502415,2c0c7d70363d43af875b5c168b84ebb9892be8dbf7cca11471ea0c3d4aa92e6a,470,NULL
471,"Darrell Kent",user539125,398056812e20fe72691489861aff6274a4fb6ded554b1207ff0a00b9197306c1,471,NULL
472,"Bradley Thompson",user721645,7400eba3ea9211a3b1b4dd5ea42f04ccf54b81bedc64725e7c4b3d5413bee2b1,472,NULL
473,"James Hernandez",user859127,bc362ebe594ef256ce45093754f7dc2a2c7d3a8228cd75584c329061f3016432,473,NULL
474,"Ryan Wade",user828607,b47f383d9b939a4f2de6e2619c69484f238e581ede20376927b2ea6545b06aa9,474,NULL
475,"Ian Coleman",user011404,074a4b7aa241a21291b9d571909b82c0a9da728826282b16e655ce2f24c81307,475,NULL
476,"Julie Young",user759210,1c32405014d552fd6d47db8cb5b7efb071622f5eff6f8dc3e6376e7e8b6bbad8,476,NULL
477,"Joshua Johnson",user322360,a93640056ee217d4880ff86f9db22995fe73776ea1a1d4d607862c66281836ea,477,NULL
478,"Thomas Ramos",user291964,762d9065f549a8657e9fdb8651c20d01291a5ae630da59557f82331fbef0971c,478,NULL
479,"Alfred Benton",user646076,452f161952ca3fe40c222a08a7d4db73ae659d43adaac2686703670d647f5804,479,NULL
480,"Janet Richardson",user647779,af3fdd1879b58a46397e64aa3f3b16d80438957aef26b84edff16fa3b7ad8fdc,480,NULL
481,"Priscilla Wells",user493115,4f9704b3f7033e6e46948856c43d4611aacd085d0877a4ef472ee62ce1696365,481,NULL
482,"Michael Welch",user539181,50b39413e490524491c818c6e3894837cbf572979d2c0db5cdf5cc55f92e3fcb,482,NULL
483,"Bryce Russell",user806408,7f723fda9e39d4e8a7997850bde1cdc93dd42ac8fb7a18fadbab4c590a417709,483,NULL
484,"Patrick Adams",user469128,ba953841ef546e273e6945229cc3c48776a93a9eef7e033faf9f0fcb88242e50,484,NULL
485,"Dr. Robert Hudson MD",user655767,b5c258e9319af8cc94eb70090f722a961ec2a5270994900a0e46ef11537ec075,485,NULL
486,"Thomas Diaz",user237417,f2fc9f95cb39e0bd21780cb0fe58effb3a8890bffb044a004593b9edd0e6dd19,486,NULL
487,"Sharon Gaines",user609032,e650314aba2a8fbec797c414bea723d1be8f04ec28c318446992329ed58edf2f,487,NULL
488,"Lee Thompson",user434856,d97568f8c24e6061a153f9c3adb8c82664f831e8fecebf1f5cd21a678444bd91,488,NULL
489,"Jeffrey Smith",user780975,4d6af3a9f1511132f7c9709a625f187e1572fbd73f57fc10c701a3a4cf6edd7d,489,NULL
490,"Scott Farley",user924826,2155f77ba6c29475a240b1baa1e178721d3118eee8cdf0037d6379bb9a7a79d8,490,NULL
491,"Jason Oconnor",user542934,ecc861afaeb3f652f31d666c44e69edf7b5b70aa96b4cf5870abf5cdc50d9f3e,491,NULL
492,"Richard Swanson",user992313,a0690ee87a5e3501356e001be3aeb0ec6f30ca9a060d61de4ab968ba1e69c1c2,492,NULL
493,"James Campbell",user967548,5f26715a7d437bc68f5fe88c4889ac4c6f583f5b0a2967a5ef6dd4f9551857e3,493,NULL
494,"Anne Brown",user452590,afc71247abe8c9b8ad0c261242f77cec7e26b1b79427912e705728f25414dcb8,494,NULL
495,"Paige Stewart",user891283,d60afb43f85fb2b4a43168defe07276cd052874621e748228362942d3fdc9ea7,495,NULL
496,"Samuel Hayes",user861074,bfea0ca3251046ae0530fbab4d605fe5e65c6766ca76bef9817d2fe5f0cb77b3,496,NULL
497,"Shelly Brown",user338867,d5e04f4ac5a64fff7ec436260d2a79c82e5de91aab0e2d16add082ac33c8f70f,497,NULL
498,"Deanna Hernandez",user688815,e11a3ab03094b1575a03074cd5a4b2ea3c43424e97dd22be19b9fca61de98c4f,498,NULL
499,"Erik Boyd",user037678,b3e5f2d6122fa145392f96f76597b3bf106f371de98aad6d180c76261a142692,499,NULL
500,"Christine Ward",user516554,4fed5be666cd549b0585fc81fe1431e8d08266b1356d95b8d17d90f55ae9b799,500,NULL
1028,"Lakshit Joshi",Lakshit72,054e3b308708370ea029dc2ebd1646c498d59d7203c9e1a44cf0484df98e581a,509,NULL
